"CustomerId","Age","Pincode","Gender","AnnualIncome"
10358,67,632512,"M",554073
18152,82,604401,"M",502765
16412,29,604601,"M",505945
19802,56,601201,"M",225916
13578,68,632101,"F",584238
14342,26,600004,"F",533627
16924,80,632512,"M",269492
18998,88,600070,"M",118019
16724,83,606603,"F",744198
11967,57,601201,"M",747951
12486,26,632001,"F",172004
10530,46,606751,"M",604694
17132,77,600107,"M",531720
12757,82,606901,"F",258567
13479,80,606704,"F",313737
13394,23,631210,"F",443641
17097,74,632520,"M",274878
17065,82,631561,"F",578578
13040,66,632503,"M",617705
19004,47,606705,"M",758156
13387,44,632515,"F",330163
15404,77,603003,"F",225124
15675,72,605601,"F",181910
12017,70,605601,"M",705857
18585,71,604204,"F",506828
10580,26,631208,"F",324533
15630,56,606811,"M",649441
18379,31,600014,"F",422015
19269,48,600042,"F",463427
12602,64,605501,"F",609351
13009,85,603106,"M",155847
19708,73,603102,"M",149431
15563,39,603002,"F",364190
15688,87,600019,"M",540820
10636,50,632202,"F",352831
13476,63,605602,"M",799950
12061,38,631151,"F",731324
12823,70,632202,"M",442152
14033,79,605651,"F",101448
12047,57,603310,"M",719763
17936,34,603308,"M",350867
12000,53,605202,"M",144748
12515,76,605652,"M",194393
14443,54,600063,"F",197962
13811,82,631204,"F",417669
10351,52,603308,"M",236685
10211,80,603003,"F",386991
17620,21,603201,"F",324130
17821,89,606803,"M",456335
12948,78,606708,"M",152583
19866,39,603302,"M",782945
13775,26,600055,"F",520702
16370,83,604408,"M",666362
19370,62,606907,"M",118635
17614,68,603309,"F",530443
14666,69,631205,"M",196789
14267,81,603102,"F",162617
19713,26,600078,"M",294155
16016,63,604201,"F",394034
19925,37,631702,"M",590877
18270,77,631208,"F",308825
18644,64,603107,"M",298606
10220,56,600127,"M",216134
19734,75,605652,"F",570313
19778,58,606901,"F",475031
13180,59,631051,"M",149614
12038,82,604204,"M",453811
16711,78,606802,"M",302949
10161,22,601201,"F",331120
11337,54,604204,"F",410498
16136,79,601202,"M",288436
19480,65,604407,"F",113760
12089,25,602108,"M",221585
13275,44,603313,"F",576521
18736,38,632106,"F",203053
16544,68,632101,"F",498428
11208,77,603201,"M",277730
19862,68,600054,"F",645816
12197,83,606708,"F",418218
19219,70,600092,"M",686013
12985,26,632001,"F",480779
10339,76,631207,"M",137688
17440,89,601103,"M",263482
18039,50,632004,"M",555531
11670,45,603101,"M",501650
19587,41,631553,"F",546061
16658,61,603301,"F",363982
19650,21,600019,"F",173526
13910,33,601101,"M",793647
14460,27,606901,"F",236962
16462,44,600037,"M",280349
13638,45,603106,"M",246264
18439,87,632001,"M",324952
18809,89,632521,"M",474590
12223,65,604302,"F",222594
14515,50,605106,"M",408865
15043,73,631209,"M",414764
13053,49,603111,"M",371012
12419,85,631102,"F",137300
14016,79,604301,"M",237254
12498,74,602023,"F",389552
13356,79,600117,"F",314628
19794,81,603109,"M",137524
17114,88,605502,"F",186676
13967,74,631213,"M",443447
19688,47,632101,"M",636209
16952,22,605110,"F",771554
10655,25,632107,"F",128541
14516,54,600014,"F",154179
13266,52,602105,"M",463980
10184,73,602105,"M",150319
12931,76,606704,"F",642571
15689,74,632502,"M",383576
10213,32,600005,"F",775115
11711,82,600037,"F",115219
13740,54,605105,"F",576694
15314,60,604410,"M",739266
15696,42,603202,"F",271138
12101,70,603101,"F",707311
11815,43,604601,"M",542073
14835,27,604306,"M",641242
18762,22,600030,"F",504719
11053,85,606903,"M",114737
18638,28,606904,"M",153996
16715,46,631552,"M",746592
14260,47,632401,"F",673600
10338,31,632001,"M",626957
11233,67,605652,"F",284116
13996,68,600051,"F",664808
14785,53,632521,"F",206348
10238,45,604409,"M",196477
13451,53,601301,"F",666887
10406,32,604408,"F",105805
15013,65,606804,"M",141225
15179,35,604154,"F",765581
18365,85,604503,"M",286735
11376,56,600077,"F",222305
12320,71,600100,"M",759163
10952,59,631102,"M",236460
15814,63,632004,"F",241846
18773,50,631051,"M",199469
13159,75,600084,"F",274745
18175,41,606752,"M",324386
11340,87,601102,"F",729502
13034,32,631301,"F",642213
19448,67,603405,"M",239682
13953,30,606907,"F",530582
17585,66,603201,"M",441592
10193,57,632002,"M",275336
12558,55,600052,"F",104554
11762,38,632001,"F",573602
10925,69,632511,"F",645764
11984,50,600060,"F",221156
12367,21,606802,"M",152020
19767,79,604407,"F",547801
12277,75,606907,"M",773120
16454,46,604210,"M",355819
14980,48,600118,"M",366491
16096,53,600052,"F",770255
17274,84,600123,"M",131263
18001,21,632009,"F",522716
18310,78,603112,"F",146980
19300,20,606905,"M",214521
12688,85,604408,"M",455295
18756,88,600056,"F",107753
10289,20,604501,"M",593321
14992,65,604303,"F",631031
11341,84,606907,"M",407902
10549,58,631210,"M",690600
19959,56,603313,"F",599224
14611,30,603003,"M",212372
19507,73,631051,"M",131954
13584,84,604402,"F",623932
13640,44,602105,"F",156798
15843,52,600005,"M",420653
13521,63,600102,"M",611329
18675,68,604505,"F",234837
14444,51,605602,"F",292874
15604,85,632512,"M",667181
14365,58,606703,"M",750323
12568,34,604301,"M",171350
17431,78,600088,"F",206476
13515,66,632401,"M",449689
12164,56,632014,"M",220634
12193,84,604403,"M",651317
14997,75,605301,"M",148658
13164,85,632317,"F",649146
18141,36,606751,"F",620922
11874,32,632313,"F",371545
10219,41,603111,"M",599641
11273,33,632315,"M",742047
14245,78,606905,"M",321451
17256,78,632503,"M",290263
13109,77,631210,"F",445879
10244,83,600058,"F",468198
12613,58,600002,"F",402117
19493,28,632508,"F",348068
19568,78,600020,"F",624254
10286,39,631201,"M",582524
19076,53,631553,"F",564220
10307,69,632312,"F",330068
15794,27,606908,"M",554239
10245,89,631303,"M",114570
12393,51,603102,"M",324935
13836,49,602105,"M",240324
10311,65,632317,"M",296648
16777,38,603112,"F",741139
10619,26,604505,"M",120032
10282,45,632107,"F",578658
13856,90,632505,"M",228950
14875,34,604503,"M",366724
10320,34,600014,"F",315209
15726,55,603313,"F",706769
16589,35,606706,"M",415917
15583,86,632521,"M",664192
14534,59,632103,"M",614273
11769,57,603203,"M",494188
17297,67,602002,"F",159659
13123,59,600002,"F",432956
12383,74,632503,"M",147532
14397,58,602021,"F",226380
18462,73,632009,"F",554344
13616,80,603301,"F",260818
18851,90,603209,"M",209937
17840,58,604207,"F",457025
14143,54,632107,"M",799960
16941,46,604407,"F",411970
15695,57,631553,"F",538825
14518,62,604151,"F",306235
18726,67,631701,"F",446879
11023,64,631402,"F",193654
17098,85,600062,"M",470168
18349,79,606803,"M",364432
19591,89,600100,"M",312871
12554,78,606705,"F",498832
13373,90,600041,"M",220786
19021,20,603308,"F",349954
17850,61,604203,"M",676170
10844,55,632105,"F",758152
13219,38,632404,"M",313718
16433,80,632059,"F",134830
14234,89,605201,"M",309685
10480,21,600078,"F",415470
12125,27,604301,"M",535962
12287,25,604301,"M",134544
19171,72,632505,"F",735678
19962,58,600053,"F",566215
18451,72,600049,"M",251914
12599,87,605301,"F",292294
12635,35,601201,"M",569773
12721,30,600003,"F",601047
14009,86,604405,"M",541541
10461,72,600060,"F",219996
13975,74,605102,"M",704338
14341,22,632519,"F",505746
10560,89,606706,"M",276851
15639,23,605301,"F",100261
15350,59,601202,"F",199426
15714,20,600100,"F",396839
11867,36,605602,"M",413292
16073,56,632105,"F",667955
10431,22,604204,"F",465162
19550,85,605501,"F",213280
14894,20,631603,"M",757960
15836,28,602021,"M",676568
19103,73,632508,"M",769410
12669,58,603204,"M",768391
17044,61,602001,"F",271625
15422,41,604302,"F",638150
17862,21,631502,"F",400358
11707,63,605651,"M",189347
13838,79,600126,"M",654859
19178,75,603111,"F",332665
17462,53,603301,"F",567464
14784,85,605004,"F",185933
17554,76,603309,"M",611857
11016,81,601201,"M",162520
11574,65,632317,"F",670825
18190,66,606907,"M",640179
14011,37,632503,"F",733241
19656,25,631209,"F",739120
19651,62,604307,"M",259946
13342,73,606751,"M",520993
18746,38,604407,"M",454621
13456,80,605602,"F",587364
12626,66,603302,"M",304412
13858,61,631102,"M",580192
10384,66,631005,"M",578294
18618,85,603210,"F",391739
14873,24,604153,"F",378071
18786,63,632315,"F",444147
13095,90,607402,"F",121349
16017,89,602106,"M",237440
14373,68,631551,"M",311698
14850,86,600086,"M",669584
19086,88,632520,"M",416565
10415,58,605103,"F",680555
18593,39,602026,"M",413262
14862,61,631209,"F",662938
10255,82,631301,"F",283857
11064,27,632102,"F",772580
10265,74,632102,"M",278360
11576,85,604208,"F",699403
10381,67,603202,"F",750958
13722,55,604410,"M",680617
18886,68,606803,"F",528804
13290,82,632316,"M",445630
16172,26,605106,"M",633137
16201,87,605110,"F",440029
11666,84,600100,"M",665484
13377,35,604503,"F",337486
15694,45,600010,"F",598129
10241,43,632506,"F",568256
13754,56,631553,"F",394992
16233,47,606903,"M",269223
10649,73,600068,"F",494247
12979,85,604408,"M",732908
10840,86,600069,"M",745947
12889,62,632504,"F",660864
17823,56,604402,"F",446644
17832,38,631208,"F",563948
12908,61,604204,"F",237084
10853,57,603110,"F",583016
19805,38,600101,"M",736823
14969,34,631701,"M",271981
13894,23,606908,"F",133395
10942,87,632059,"F",369017
16611,60,632508,"F",511433
18288,22,605006,"M",500059
13346,24,604505,"F",313778
19717,24,631208,"M",631753
14618,65,605107,"F",343643
14301,68,604210,"M",348892
18534,53,606803,"M",373367
17582,26,605010,"F",751854
16630,74,604407,"F",390321
13604,89,602106,"M",219554
12329,83,600049,"F",444209
19411,82,605401,"M",539699
10855,55,604307,"F",318696
17932,53,604203,"M",144973
16569,52,605107,"M",771916
17452,85,631203,"M",288144
18109,56,605401,"M",535472
10000,71,600120,"F",403178
10976,80,600002,"M",569647
17681,41,632059,"F",336733
12141,80,631002,"F",323017
10285,36,603112,"M",770601
19608,46,632404,"F",327201
17782,56,632002,"F",314108
10984,48,631207,"M",162777
16341,83,632202,"M",713362
10994,44,632202,"M",210792
11384,42,631211,"F",368919
14100,59,605004,"M",195225
17334,65,603112,"F",305805
17876,46,604302,"F",221891
15722,66,631402,"M",225537
16536,71,632313,"M",790233
15994,30,632011,"M",136207
15841,58,606751,"M",741566
12111,81,605202,"M",434924
16356,23,606904,"M",587569
10660,90,606811,"M",479773
10763,66,632506,"M",561725
19321,52,605501,"M",201395
10690,22,631501,"M",584595
16067,33,606755,"F",611287
17326,26,604101,"F",166100
18860,72,631561,"F",381421
12368,76,632511,"F",756495
14298,62,632004,"F",311824
17385,81,603109,"M",416693
14769,54,631601,"M",356881
12821,31,603001,"F",161417
16997,20,606903,"M",792757
10895,69,600044,"M",656572
15781,77,631209,"M",156937
13531,80,603112,"M",113739
18966,45,600062,"M",367851
11105,37,604302,"M",427426
10304,46,604408,"F",201195
12536,71,600056,"M",503685
11442,65,631004,"M",605905
19087,49,606805,"M",179803
10887,84,604601,"F",265104
12314,82,602023,"M",578903
10452,20,632204,"M",547106
15672,48,603103,"F",611429
17378,66,632501,"M",627053
12360,21,631052,"M",637362
12468,71,600086,"F",390700
15406,49,632008,"F",571112
15243,34,606604,"F",688747
19976,27,606802,"M",689578
19776,47,602026,"F",674265
15880,89,632103,"F",396743
11724,80,631303,"F",273944
14890,23,632506,"M",587616
10256,79,606811,"F",260473
14461,47,603109,"M",267322
10010,23,604505,"F",769738
16285,40,606751,"M",434383
18027,71,603204,"F",280947
18011,90,631151,"M",698448
16602,55,631205,"M",458928
11489,43,605302,"F",522952
15691,83,605501,"F",648306
19261,63,631301,"M",166051
10880,42,632513,"M",714847
17025,42,603405,"F",335343
17904,63,632009,"F",578723
18672,83,606755,"F",353307
19008,57,606601,"F",260134
19486,26,631005,"F",133219
16623,78,604303,"M",242733
10810,78,603102,"F",756534
19329,36,600001,"M",103029
10258,40,603102,"F",288556
11594,24,606907,"F",694678
16229,65,605501,"F",196585
15234,51,600124,"F",499326
14510,25,603306,"F",609846
19839,33,631604,"M",681424
17758,53,631302,"F",300561
10310,56,600128,"F",501947
16091,40,632506,"F",401004
15245,54,606703,"F",131636
17738,27,603202,"F",370452
19416,24,606604,"F",222476
12420,50,604204,"F",238716
13645,23,604407,"F",116912
10164,48,606702,"M",688366
10991,68,632516,"F",118181
15012,78,631213,"M",614125
18077,69,605602,"F",267837
19040,20,600061,"F",466392
19498,65,603103,"F",284082
13769,78,600092,"F",543031
14977,68,606902,"F",745069
12555,76,600127,"M",674646
11094,31,606803,"M",586945
13223,67,600052,"F",751975
11911,73,604207,"F",392874
17036,90,605203,"F",491962
18502,61,603306,"M",378224
14650,54,632516,"M",546896
12826,73,632202,"F",541512
12391,38,604408,"F",565154
19809,29,600050,"F",332320
18741,48,603204,"F",794750
12676,60,632507,"M",589801
15145,61,606903,"F",384863
19234,44,631301,"M",164598
10861,80,605106,"M",327803
14071,59,605107,"M",690956
14868,84,600062,"M",599272
16769,86,600125,"M",267298
10479,52,606704,"F",771421
18716,61,632513,"M",127427
14716,61,632312,"M",466695
10543,27,605601,"M",430290
14782,59,631303,"M",526609
15466,59,632315,"F",624117
19896,27,604303,"F",337398
18249,78,606704,"M",657174
12654,79,605402,"M",335174
10160,87,632001,"F",780521
19641,58,604301,"F",358509
18910,87,603003,"M",585218
13767,77,631603,"M",125605
15580,78,632514,"F",297065
13389,53,600072,"F",231014
15228,71,631102,"F",603806
11498,25,605401,"M",675516
14910,51,601202,"M",360480
14647,57,632012,"F",687487
16007,31,632317,"M",580696
10429,38,632002,"F",343717
13559,66,632006,"M",559447
19024,49,606904,"F",551726
10069,58,603310,"M",480166
16651,85,603204,"M",799921
10866,44,606707,"F",360090
15954,50,604406,"M",138526
19179,24,631302,"M",581191
17422,46,632004,"M",583502
13458,67,605652,"F",549305
17074,79,600005,"M",382005
19461,83,603312,"M",496052
18740,24,606901,"M",604193
11520,73,600128,"F",346724
13753,67,603110,"M",561662
12506,67,606808,"F",254076
15918,69,605501,"F",369375
19275,63,603302,"F",241135
14113,84,600127,"M",115206
17872,36,603402,"M",292790
18563,34,603101,"F",518248
11411,44,631605,"M",183367
16148,70,632314,"F",777819
18422,66,632102,"F",197378
16632,23,602105,"M",561524
19011,21,600033,"M",344469
13317,48,603403,"F",745620
14248,57,606703,"M",770493
17912,40,604401,"M",363979
19927,20,631606,"F",457989
18469,87,605108,"F",498619
14410,41,606706,"F",473535
19835,75,603107,"M",444667
11343,29,632501,"M",461400
16030,82,631606,"M",232295
14394,54,604203,"M",102268
10101,40,632104,"M",682496
18048,51,600014,"M",320867
10625,51,606752,"M",683910
14718,40,604151,"M",718303
17897,83,600028,"M",560354
12229,80,632518,"F",119844
15661,77,604404,"M",688039
10459,64,602106,"F",119440
15204,77,606902,"M",259357
15021,48,600002,"F",426583
12464,48,602026,"M",741223
13600,24,632520,"F",166848
16053,47,605002,"M",599607
19229,53,602023,"F",163548
18225,59,604410,"F",492132
10344,65,606751,"M",207502
14950,50,600017,"M",119872
10565,51,600044,"F",574248
15585,34,632517,"F",746191
16152,43,605109,"F",716388
17885,33,632316,"M",523524
16394,67,632517,"M",669679
13410,53,606755,"M",413847
13792,68,632107,"M",197816
15552,59,600127,"M",625559
17524,29,600130,"M",399905
17793,50,600011,"F",538143
12546,37,600059,"M",220461
19059,73,604502,"M",735120
14251,37,632301,"F",322213
18557,88,604203,"M",414740
19622,24,603401,"F",291797
15910,43,604151,"F",198194
11884,52,631201,"M",305717
11693,81,600088,"F",473087
18377,48,600042,"F",669243
16977,63,631102,"F",192908
14355,84,632010,"M",243289
15573,86,603204,"M",320555
18894,79,632317,"M",662635
13227,33,605103,"F",155828
12019,50,632404,"F",243082
14563,68,632519,"F",244110
18281,90,632317,"M",684892
14194,55,631553,"M",266844
12888,58,606808,"M",282488
18890,30,600018,"M",133704
19095,33,605101,"M",571891
11578,28,605652,"M",755179
13840,89,601101,"F",242451
19624,62,631202,"M",654181
17479,30,631203,"M",556468
10971,29,603102,"M",181014
12030,80,604206,"M",138713
12095,38,631005,"M",224783
13772,75,603403,"M",326934
16064,34,632507,"M",307132
12137,80,631102,"F",796376
19018,43,631502,"M",371858
13075,24,602025,"F",138777
18150,71,606903,"M",473389
13505,42,604501,"F",186365
18419,75,605501,"M",450404
15784,73,631101,"F",205385
12232,46,631051,"F",654171
16617,46,603312,"F",118436
12372,64,603305,"M",467323
16330,58,603405,"F",641511
15763,78,632102,"M",433730
10270,30,604402,"M",488262
14503,33,604401,"M",165346
16972,62,601103,"F",199386
12451,87,605009,"F",371370
13141,52,632101,"F",540673
17538,37,606803,"F",561761
13050,76,632103,"F",329406
11950,77,604203,"F",149063
15748,87,600019,"F",664233
16598,25,606807,"F",253641
18106,51,604304,"M",669796
19254,74,600075,"M",276278
13183,78,605106,"M",164982
14840,65,600030,"F",341046
13519,67,632512,"F",605846
12945,75,600061,"F",350725
14337,44,632508,"F",547175
10445,64,631207,"F",439189
15092,47,631207,"F",743451
14211,38,600067,"F",194431
16156,27,602023,"M",189824
17438,51,606754,"M",587837
15281,43,600088,"F",327745
11026,87,603302,"M",501594
15821,83,601203,"F",587258
16346,30,601201,"M",109502
15139,47,606707,"F",620873
18124,34,632516,"M",400180
13946,66,631209,"M",414443
14302,68,605203,"F",649922
17161,80,600017,"M",655285
10476,90,632317,"M",543075
17249,50,632404,"M",173924
16908,64,603102,"M",428147
17420,46,600041,"F",328335
15527,66,604151,"M",798131
15705,27,605103,"F",761000
14663,23,604202,"M",256081
16621,26,604205,"F",691892
16533,76,603202,"F",503433
11250,71,632007,"F",790291
12819,69,600011,"M",354511
19140,37,600068,"F",382169
12026,78,606751,"M",515287
19664,41,605103,"M",746885
13480,49,605502,"F",719735
19243,38,632513,"F",787967
14863,85,605005,"F",494063
10201,44,632009,"M",207487
15481,34,604203,"F",200068
13586,23,601203,"M",635308
17131,54,604406,"M",130699
16284,21,604303,"M",330644
18944,72,605106,"F",518391
13634,85,600005,"M",313537
12679,80,604504,"M",729297
17436,85,600023,"M",336018
17307,46,600118,"M",400509
14686,49,631204,"F",643376
16753,89,604202,"F",738190
15831,57,602105,"F",780018
19338,74,601206,"F",267181
10573,28,603319,"F",100693
18881,64,632511,"M",117845
10884,44,600107,"M",156520
18380,36,600002,"F",644700
12701,80,604205,"F",714759
10948,48,631701,"F",580741
11757,59,632503,"M",517190
15679,73,606901,"F",359189
18817,72,603201,"M",386033
15456,45,632107,"M",409731
17652,25,605301,"F",294815
17040,79,603004,"M",165501
10902,64,604302,"M",383959
16744,76,603109,"M",415744
12339,34,603108,"F",747341
11861,48,605501,"M",773326
12547,90,603203,"M",291989
14988,57,600061,"M",195381
10442,61,603314,"F",390334
13056,45,632314,"M",664113
18977,78,603102,"F",792954
17548,41,606703,"F",158364
11241,85,601201,"F",500861
13199,48,604210,"M",247023
16758,44,600003,"F",275194
18565,23,632312,"M",256308
10330,28,632106,"M",206975
11189,42,605102,"F",108166
15786,47,632006,"F",389520
17790,23,603311,"M",439088
18600,90,600064,"F",298558
11225,53,605110,"F",108044
14116,32,600127,"M",720508
12020,49,606710,"F",774948
12784,23,605105,"M",151109
17984,74,603305,"M",524144
12715,57,631303,"F",784629
12285,77,603201,"F",100740
17047,70,605111,"M",236840
14419,75,604407,"F",225260
16384,36,632101,"F",772915
15022,23,605602,"M",309499
16250,41,603202,"F",289363
18087,77,603310,"M",526868
11322,83,604503,"M",788707
17083,52,600067,"M",373471
17061,69,600028,"M",544461
11682,45,604406,"F",202244
16625,45,631051,"F",581384
10682,74,631302,"F",379962
13370,50,600089,"F",708900
12322,87,631205,"M",782307
19769,35,632508,"M",292656
13659,40,631102,"F",375340
10180,59,603306,"M",568982
13092,63,605652,"F",302082
19427,84,600106,"M",681095
10871,79,606902,"F",472374
15721,22,631207,"M",347541
13155,68,632315,"M",627405
19697,90,600053,"F",574073
14340,87,603303,"M",540003
15680,37,600061,"M",186453
18191,51,605009,"M",260668
15565,38,601204,"F",154042
10407,56,604408,"F",181216
18284,74,631102,"M",609698
13810,49,632505,"M",637418
12745,68,632531,"F",149970
11962,72,601102,"F",338161
19579,36,631102,"F",613670
19643,63,605652,"F",779188
16578,38,605203,"M",776266
17909,33,603102,"M",121075
14304,45,632103,"M",312789
19940,55,604201,"F",294151
19949,88,605004,"F",528533
17113,82,603108,"M",394821
18708,50,600089,"F",283046
13694,47,631553,"M",551239
15263,56,632101,"F",721334
13391,60,600099,"F",685630
12034,44,605103,"M",340047
16520,88,603104,"F",208547
15112,22,631553,"F",451110
11362,86,606710,"F",727134
11136,35,632511,"M",603949
18081,84,606707,"M",110550
14713,24,606905,"F",539034
19115,52,632521,"F",559561
19380,24,632001,"M",755933
16631,38,604151,"M",520504
10394,78,631102,"M",184668
18683,66,604304,"M",507314
15895,36,604307,"F",698815
14277,84,603305,"M",527738
12697,23,604001,"M",222627
10421,55,605105,"F",491723
18246,79,605107,"M",447158
16564,66,601301,"F",466565
19538,32,605102,"M",558056
14808,36,606801,"M",474640
11305,64,631209,"M",605820
14572,24,604403,"F",129629
19680,20,632006,"F",197120
11335,22,631003,"F",583084
17697,35,632107,"F",445224
17093,24,631207,"F",118464
18219,35,604207,"F",510867
17432,28,631302,"M",525520
10396,21,632512,"F",395516
14231,80,600048,"F",272105
17650,75,631604,"F",225505
12604,40,603112,"F",307570
10869,86,604204,"F",713073
19260,35,600037,"F",250809
12781,76,604151,"F",509332
14717,89,631605,"M",385907
12108,34,601102,"F",567765
11807,82,604408,"M",170310
13398,71,632508,"M",138658
12641,85,605109,"F",142793
14523,28,605651,"M",768258
16778,82,605401,"F",607406
13122,22,601201,"F",541309
13224,52,604402,"F",402198
14715,47,631551,"M",237347
18220,47,600069,"F",505364
13673,89,600044,"F",119407
10512,72,600001,"F",344087
14841,87,600050,"M",324862
13987,49,601201,"M",111457
15129,87,632202,"F",377659
17518,31,601206,"F",546046
18918,23,600039,"F",737060
12886,62,602024,"M",412226
11347,53,632515,"M",688454
18155,65,601103,"M",618180
11188,68,600107,"F",515266
14477,75,600124,"M",242396
17610,60,632506,"F",745981
16403,86,631552,"M",723547
18861,55,606702,"M",491807
11190,22,631604,"M",514079
15677,72,600037,"M",395272
12153,60,603104,"M",729288
12004,23,604505,"F",609374
11157,49,600045,"F",337885
19389,84,606907,"F",148824
19827,25,604501,"F",493899
14575,61,606705,"M",716397
12224,89,604501,"F",113858
16833,89,602105,"F",535784
14589,86,601202,"M",790467
10609,38,604505,"M",652131
12245,59,603102,"M",765665
13470,81,605502,"F",348708
19549,21,631702,"F",605728
18417,27,604505,"M",608848
17165,72,631210,"M",193885
16424,41,604307,"F",658593
18728,34,605105,"F",321052
10616,72,606903,"M",774439
15589,84,632006,"M",651204
16071,47,631301,"M",158172
19721,78,600031,"F",196332
19966,86,604407,"M",631374
12782,73,604201,"M",756032
11260,60,606704,"M",775314
18482,33,604501,"M",294921
15582,24,603101,"F",733709
13995,45,600005,"M",599479
16673,70,602025,"F",259654
11518,36,631303,"F",121909
16116,39,602105,"M",172927
15174,47,602024,"M",558330
12918,65,631151,"F",147732
15853,71,631561,"F",181571
15576,20,632506,"M",736133
10257,57,632511,"M",296003
14169,50,604207,"F",757556
12396,49,632004,"M",426441
16725,30,603101,"F",388273
16686,44,632007,"M",309272
19111,47,631208,"M",443254
14629,62,631601,"F",534103
16799,59,602105,"F",467940
13352,90,606709,"M",269458
13233,83,606753,"M",539619
10377,79,600073,"F",777184
10174,40,604405,"F",109648
11198,41,603311,"M",292306
18624,22,631207,"F",673107
18857,59,606751,"M",240329
19319,45,631207,"M",749839
14990,77,632517,"M",526622
17309,58,632511,"M",648883
11969,65,603204,"M",240591
11214,52,600089,"M",144947
16676,38,606701,"F",466206
14131,35,600048,"F",662892
13439,47,600120,"M",246326
18264,31,603402,"M",726741
12044,42,600055,"F",749727
15331,86,605652,"M",484149
15989,36,600066,"M",156843
14335,20,631302,"M",167406
14147,44,600069,"M",199256
14748,82,604151,"M",618961
18850,41,605602,"F",215864
17361,44,603104,"M",572260
15077,56,600081,"M",480412
12146,53,632313,"M",789192
12022,37,631210,"F",259890
17634,75,603313,"M",465781
16192,42,605302,"F",312618
16826,67,604210,"F",140444
14983,49,632516,"F",535736
15584,86,602021,"M",669611
12106,50,631205,"F",767289
16273,54,605301,"F",353428
15941,75,631302,"F",291589
15229,54,631204,"F",647397
17744,63,631051,"M",134622
11623,26,600071,"M",642551
12208,40,604102,"M",430405
14115,77,603305,"M",366907
18989,71,600116,"F",233707
15017,55,631502,"M",525879
17815,28,604101,"F",563394
13613,33,631501,"M",272000
17512,45,632521,"M",763347
13176,85,631051,"F",658083
19381,35,607402,"F",719279
18901,40,606755,"F",286642
12195,23,604501,"M",176887
19281,31,631603,"M",715571
19555,72,632009,"M",409692
17688,89,600052,"F",107215
12998,84,605602,"M",182422
16210,25,604601,"M",382908
16427,35,632014,"F",202500
15725,69,631101,"F",158187
11153,58,631604,"F",547257
14994,69,601201,"M",223412
19232,53,603314,"F",172245
10525,56,604601,"F",313807
11479,31,631604,"F",677792
12124,23,606611,"M",124265
15420,50,606708,"F",441198
12778,78,600087,"F",697193
19216,44,604302,"M",353181
12394,25,603319,"F",798037
12756,28,604102,"M",571727
10996,42,605014,"F",573919
12094,84,605103,"M",226297
10066,86,606753,"F",218168
18767,79,601203,"M",771826
13189,85,604207,"M",538982
16157,59,606703,"M",375038
13814,71,604505,"F",739550
18302,72,605102,"M",462594
10846,56,603305,"F",587118
14767,29,604102,"M",602097
15807,38,606604,"M",308116
13826,31,604303,"M",257773
19657,37,603202,"F",456684
16624,82,632519,"M",536690
19148,30,631205,"F",683139
18323,66,601201,"F",593918
18642,34,631606,"F",194494
14227,64,604303,"M",200034
15658,63,600047,"M",335353
13403,76,604207,"M",362927
19134,69,632202,"M",230116
18799,65,631603,"F",393677
18987,42,632503,"F",369423
13957,75,632014,"F",671371
11116,24,631702,"F",668278
10448,89,631201,"F",675556
10326,60,605402,"M",314206
14681,30,632505,"M",758621
14133,61,632002,"M",431494
15041,22,600054,"F",342004
10901,89,605201,"F",387732
18531,22,603110,"M",531693
16428,49,600059,"F",679979
14888,48,632006,"F",499844
15168,62,603403,"F",286383
17150,79,632107,"M",554722
15878,90,600045,"F",185158
13591,32,601101,"F",343040
13169,33,604303,"F",561694
13173,78,604601,"M",561276
17627,52,632102,"M",430459
17966,79,606801,"F",390891
11049,49,631102,"F",397171
12187,66,602023,"M",453518
10883,49,632404,"F",569390
19869,56,606706,"M",418154
13304,55,604204,"M",659108
11216,57,604204,"M",346786
19333,55,600003,"M",560278
15255,74,632513,"F",151136
14329,74,600059,"F",637624
17153,37,603302,"F",670326
16858,44,606708,"M",180837
14344,29,600048,"F",691321
16387,45,632501,"F",280869
11683,62,606811,"F",462170
10386,24,604101,"F",751931
14044,48,631501,"F",219271
19084,23,631701,"F",567589
14504,81,632002,"M",339729
15495,52,606806,"F",210585
11338,65,600059,"M",410494
17658,68,631207,"M",567266
10144,22,600005,"M",117186
16311,51,631606,"M",330362
16816,77,600005,"F",706170
18516,76,631501,"M",615046
11863,37,606805,"F",748476
19834,74,604501,"M",355166
15353,43,632509,"F",592057
15808,75,606703,"M",771709
12183,57,631210,"F",184771
12662,63,605203,"M",635784
15054,23,604406,"M",508731
16586,37,606752,"M",151707
16637,54,632315,"F",455064
19781,35,632513,"F",534799
16029,85,604205,"M",649721
13802,86,600124,"F",146691
17151,66,632520,"F",125607
11211,90,603110,"F",735940
11643,27,600091,"M",724960
13556,71,605107,"F",424928
15468,44,604152,"F",181118
16891,38,604601,"M",795952
13669,56,604403,"F",639482
15258,88,604102,"M",399439
12533,30,604102,"F",346903
16065,40,631151,"F",172822
16429,37,632104,"M",589265
14022,79,605109,"M",430683
16391,65,603111,"M",655624
18491,54,631502,"M",570484
16567,22,631603,"F",564843
17785,52,600003,"M",508800
15210,20,603104,"M",391937
10453,77,605402,"M",632548
17528,23,603104,"M",713276
14292,56,631553,"M",255411
14196,78,606611,"M",434651
